LibraryCategory,RMSE_RANK,failed,algorithm_in_category
AutoRecSys,3.75,0.0,1.0
AutoML,22.285714285714285,0.17857142857142858,7.0
RecSys,27.133152173913043,0.13043478260869565,23.0
ML,36.002232142857146,0.08035714285714286,28.0
Baseline,38.125,0.0,1.0
