Model,RMSE_RANK,RSME
AutoSurprise,3.75,0.9687085853667198
Surprise_SVDpp,6.625,0.979001984797808
H2O_AutoML,6.875,0.9614189767587606
lenskit_FunkSVD,8.0,0.9790096528996798
Surprise_SingularValueDecompositionAlgorithm,9.75,0.9867071136217088
lenskit_BiasedSVD,11.5,0.9370789341189687
Surprise_BaselineOnly,11.5,0.993184664984142
lenskit_ALSBiasedMF,12.75,1.0063547697536737
lenskit_Bias,13.0,1.0145034702980353
lenskit_TFBiasedMF,13.375,1.015996361213224
