LibraryCategory,RMSE_RANK,failed,algorithm_in_category
AutoRecSys,3.5,0.0,1.0
AutoML,21.459183673469386,0.1326530612244898,7.0
RecSys,27.768633540372672,0.09937888198757763,23.0
ML,35.73086734693877,0.06377551020408163,28.0
Baseline,37.142857142857146,0.0,1.0
