LibraryCategory,RMSE_RANK,failed,algorithm_in_category
AutoRecSys,3.5714285714285716,0.0,1.0
AutoML,18.642857142857142,0.061224489795918366,7.0
RecSys,28.032608695652176,0.09937888198757763,23.0
ML,36.19770408163265,0.06377551020408163,28.0
Baseline,37.642857142857146,0.0,1.0
