Dataset,Model,LibraryCategory,RSME,TimeInSeconds
movielens-100k,KNeighborsRegressor,ML,1.2356900905971528,98.97053241729736
movielens-100k,RandomForestRegressor,ML,1.2659146890687383,1.2153868675231934
movielens-100k,StochasticGradientDescentRegressor,ML,1.4259146890687383,0.5950639247894287
movielens-100k,SupportVectorRegression,ML,1.2420475193857994,0.41106581687927246
movielens-100k,H2O,AutoML,1.0349700065187828,25.308124780654907
movielens-100k,AutoSKLearn,AutoML,1.1259543312001832,55.427775144577026
